claim_text,atomic_claim,speaker,role,party,source_name,source_url,publication_date,fetched_at,claim_type,verifiability_status,fact_checkability_score,evidence_target,numeric_flag,legal_flag,comparison_flag,timeframe_present,needs_human_review,rejection_reason,status
"Abela cited a record €9.3 billion national budget","Malta's national budget for 2026 is €9.3 billion",Robert Abela,Prime Minister,PL,Newsbook,https://newsbook.com.mt/en/robert-abela-i-decide-the-election-date/,2026-04-06,2026-04-16 12:00 UTC,statistical,checkable,5,Budget 2026 document,TRUE,FALSE,FALSE,TRUE,FALSE,,approved_for_check
"Abela claimed Malta's growth outpaced Germany's tenfold last year","Malta's economic growth rate in 2025 was ten times that of Germany",Robert Abela,Prime Minister,PL,Newsbook,https://newsbook.com.mt/en/robert-abela-i-decide-the-election-date/,2026-04-06,2026-04-16 12:00 UTC,comparative,checkable,5,Eurostat GDP growth data,FALSE,FALSE,TRUE,TRUE,FALSE,,approved_for_check
"Abela said Malta received an IMF A-plus economic rating","Malta received an IMF A-plus economic rating",Robert Abela,Prime Minister,PL,Newsbook,https://newsbook.com.mt/en/robert-abela-i-decide-the-election-date/,2026-04-06,2026-04-16 12:00 UTC,statistical,checkable,5,IMF country report,FALSE,FALSE,FALSE,TRUE,FALSE,,approved_for_check
"Abela announced a legal notice removing income tax on additional pension income above the maximum pension threshold","A legal notice has been issued removing income tax on additional pension income above the maximum pension threshold",Robert Abela,Prime Minister,PL,Newsbook,https://newsbook.com.mt/en/robert-abela-i-decide-the-election-date/,2026-04-06,2026-04-16 12:00 UTC,legal,checkable,5,Malta Government Gazette,FALSE,TRUE,FALSE,FALSE,FALSE,,approved_for_check
"A bill tabled in parliament would allow the government to appoint the Chief Justice unilaterally if two-thirds parliamentary consensus is not reached","A bill tabled in parliament would allow the government to appoint the Chief Justice unilaterally if two-thirds consensus is not reached",Robert Abela,Prime Minister,PL,Newsbook,https://newsbook.com.mt/en/robert-abela-i-decide-the-election-date/,2026-04-06,2026-04-16 12:00 UTC,legal,checkable,5,Parliamentary bill text,FALSE,TRUE,FALSE,FALSE,FALSE,,approved_for_check
"Labour Party statute requires a congress before a general election","The Labour Party statute requires a congress to be held before a general election to outline manifesto guidelines",Alex Agius Saliba,Labour Deputy Leader,PL,Lovin Malta,https://lovinmalta.com/news/local/labour-announces-six-day-congress-to-outline-election-manifesto/,2026-04-09,2026-04-16 12:00 UTC,legal,checkable,5,Labour Party statute,FALSE,TRUE,FALSE,FALSE,FALSE,,approved_for_check
"Gozo's economy now exceeds €1 billion","Gozo's economy now exceeds €1 billion",Robert Abela,Prime Minister,PL,Live News Malta,http://livenewsmalta.com/index.php/2026/04/13/pm-robert-abela-opens-labour-congress-2026-in-gozo/,2026-04-12,2026-04-16 12:00 UTC,statistical,checkable,5,NSO regional economic statistics,TRUE,FALSE,FALSE,FALSE,FALSE,,approved_for_check
"Gozo's economy is triple what it was in 2013","Gozo's economy in 2026 is triple what it was in 2013",Robert Abela,Prime Minister,PL,Live News Malta,http://livenewsmalta.com/index.php/2026/04/13/pm-robert-abela-opens-labour-congress-2026-in-gozo/,2026-04-12,2026-04-16 12:00 UTC,comparative,checkable,5,NSO regional economic statistics,FALSE,FALSE,TRUE,TRUE,FALSE,,approved_for_check
"Abela said without government fuel subsidies fuel would be up to 45% more expensive","Without government fuel subsidies fuel prices in Malta would be up to 45% higher",Robert Abela,Prime Minister,PL,The Malta Independent,https://www.independent.com.mt/articles/2026-04-12/local-news/The-four-factors-which-may-be-pushing-Robert-Abela-into-calling-an-early-election-6736288690,2026-04-12,2026-04-16 12:00 UTC,statistical,checkable,4,Government subsidy data / energy regulator,TRUE,FALSE,TRUE,FALSE,FALSE,,approved_for_check
"The environment ministry received €275 million in Budget 2026 — the highest of any ministry","The environment ministry received €275 million in Budget 2026 — the highest allocation of any ministry",Robert Abela,Prime Minister,PL,MaltaToday,https://www.maltatoday.com.mt/news/budget-2026/138285/abela_wants_malta_to_become_most_aifriendly_country_in_europe_,2025-11-19,2026-04-16 12:00 UTC,statistical,checkable,5,Budget 2026 document,TRUE,FALSE,TRUE,TRUE,FALSE,,approved_for_check
"The 2012 PN Budget allocated €3.1 billion compared to the 2026 Labour Budget of €9.3 billion","The 2012 Budget under a PN government allocated €3.1 billion in spending",Robert Abela,Prime Minister,PL,MaltaToday,https://www.maltatoday.com.mt/news/budget-2026/138285/,2025-11-19,2026-04-16 12:00 UTC,comparative,checkable,5,2012 Budget document,TRUE,FALSE,TRUE,TRUE,FALSE,,approved_for_check
"COLA for 2026 will be €4.66 per week","The Cost of Living Adjustment for 2026 is €4.66 per week",Clyde Caruana,Minister for Finance and Employment,PL,The Malta Independent,https://www.independent.com.mt/articles/2025-10-27/local-news/COLA-for-the-coming-year-will-be-4-66-per-week-6736284312,2025-10-27,2026-04-16 12:00 UTC,statistical,checkable,5,Budget 2026 document / government gazette,TRUE,FALSE,FALSE,TRUE,FALSE,,approved_for_check
"Malta's economy is projected to grow by 4.1% in real terms in 2025 and maintain the same pace in 2026","Malta's economy is projected to grow by 4.1% in real terms in 2025 and at the same rate in 2026",Clyde Caruana,Minister for Finance and Employment,PL,The Malta Independent,https://www.independent.com.mt/articles/2025-10-27/local-news/COLA-for-the-coming-year-will-be-4-66-per-week-6736284312,2025-10-27,2026-04-16 12:00 UTC,statistical,checkable,5,NSO / Eurostat GDP projections,TRUE,FALSE,FALSE,TRUE,FALSE,,approved_for_check
"Budget 2026 introduced a €160 million tax cut for parents spread over three years","Budget 2026 introduced a €160 million tax cut for parents spread over three years",Clyde Caruana,Minister for Finance and Employment,PL,MaltaToday,https://www.maltatoday.com.mt/news/budget-2026/137835/budget_2026_shorts,2025-10-28,2026-04-16 12:00 UTC,statistical,checkable,5,Budget 2026 document,TRUE,FALSE,FALSE,TRUE,FALSE,,approved_for_check
"Government is increasing social investment by more than €120 million in Budget 2026","Government is increasing social investment by more than €120 million in Budget 2026",Clyde Caruana,Minister for Finance and Employment,PL,The Malta Independent,https://www.independent.com.mt/articles/2025-10-27/local-news/Budget-2026-Government-increases-social-investment-by-120-million-6736284314,2025-10-27,2026-04-16 12:00 UTC,statistical,checkable,5,Budget 2026 document,TRUE,FALSE,FALSE,TRUE,FALSE,,approved_for_check
"Around 100000 retirees invalidity pensioners and widows will receive a €10 per week pension increase","Around 100,000 retirees, invalidity pensioners and widows will receive a €10 per week pension increase in 2026",Clyde Caruana,Minister for Finance and Employment,PL,The Malta Independent,https://www.independent.com.mt/articles/2025-10-27/local-news/Budget-2026-Government-increases-social-investment-by-120-million-6736284314,2025-10-27,2026-04-16 12:00 UTC,statistical,checkable,5,Budget 2026 document / social security records,TRUE,FALSE,FALSE,TRUE,FALSE,,approved_for_check
"Malta's debt-to-GDP ratio is expected to sit at 47.1% by end of 2025","Malta's debt-to-GDP ratio is projected to reach 47.1% by end of 2025",Clyde Caruana,Minister for Finance and Employment,PL,The Malta Independent,https://www.independent.com.mt/articles/2025-10-27/local-news/AS-IT-HAPPENED-Clyde-Caruana-delivers-Budget-2026-in-Parliament-6736284311,2025-10-27,2026-04-16 12:00 UTC,statistical,checkable,5,Eurostat / NSO fiscal data,TRUE,FALSE,FALSE,TRUE,FALSE,,approved_for_check
"Malta's deficit is projected to fall to 2.8% by end of 2026 below the EU 3% threshold","Malta's deficit is projected to fall to 2.8% by end of 2026 going below the EU's 3% threshold",Clyde Caruana,Minister for Finance and Employment,PL,The Malta Independent,https://www.independent.com.mt/articles/2025-10-27/local-news/AS-IT-HAPPENED-Clyde-Caruana-delivers-Budget-2026-in-Parliament-6736284311,2025-10-27,2026-04-16 12:00 UTC,statistical,checkable,5,Eurostat fiscal data / EU Excessive Deficit Procedure,TRUE,FALSE,FALSE,TRUE,FALSE,,approved_for_check
"Malta's deficit shrank from 4.6% in 2023 to 3.6% in 2024","Malta's budget deficit fell from 4.6% of GDP in 2023 to 3.6% in 2024",Clyde Caruana,Minister for Finance and Employment,PL,The Malta Independent,https://www.independent.com.mt/articles/2025-09-12/local-news/Malta-s-economy-outpaces-EU-Finance-Minister-says-as-pre-Budget-2026-consultation-launched-6736273062,2025-09-12,2026-04-16 12:00 UTC,statistical,checkable,5,Eurostat fiscal data,TRUE,FALSE,FALSE,TRUE,FALSE,,approved_for_check
"Malta will achieve its deficit target two years earlier than required under the EU Excessive Deficit Procedure","Malta will bring its deficit below 3% in just two years instead of the four years allowed by the EU under the Excessive Deficit Procedure",Clyde Caruana,Minister for Finance and Employment,PL,The Malta Independent,https://www.independent.com.mt/articles/2025-09-12/local-news/Malta-s-economy-outpaces-EU-Finance-Minister-says-as-pre-Budget-2026-consultation-launched-6736273062,2025-09-12,2026-04-16 12:00 UTC,comparative,checkable,5,EU Excessive Deficit Procedure documents,FALSE,FALSE,TRUE,TRUE,FALSE,,approved_for_check
"Malta spends around €200 million annually on energy subsidies","Malta spends approximately €200 million per year on energy subsidies",Clyde Caruana,Minister for Finance and Employment,PL,The Malta Independent,https://www.independent.com.mt/articles/2025-09-12/local-news/Malta-s-economy-outpaces-EU-Finance-Minister-says-as-pre-Budget-2026-consultation-launched-6736273062,2025-09-12,2026-04-16 12:00 UTC,statistical,checkable,5,Government financial statements / budget documents,TRUE,FALSE,FALSE,FALSE,FALSE,,approved_for_check
"In 2002 Malta spent almost 8% of GDP on food and energy but by 2025 this fell to 0.8%","Malta's spending on food and energy fell from almost 8% of GDP in 2002 to 0.8% in 2025",Clyde Caruana,Minister for Finance and Employment,PL,The Malta Independent,https://www.independent.com.mt/articles/2025-09-12/local-news/Malta-s-economy-outpaces-EU-Finance-Minister-says-as-pre-Budget-2026-consultation-launched-6736273062,2025-09-12,2026-04-16 12:00 UTC,comparative,checkable,5,NSO statistics / budget documents,TRUE,FALSE,TRUE,TRUE,FALSE,,approved_for_check
"Malta has the lowest number of people on social benefits and the highest employment in the EU","Malta has the lowest number of people on social benefits and the highest employment rate in the EU",Clyde Caruana,Minister for Finance and Employment,PL,The Malta Independent,https://www.independent.com.mt/articles/2025-09-12/local-news/Malta-s-economy-outpaces-EU-Finance-Minister-says-as-pre-Budget-2026-consultation-launched-6736273062,2025-09-12,2026-04-16 12:00 UTC,comparative,checkable,5,Eurostat employment data,FALSE,FALSE,TRUE,FALSE,FALSE,,approved_for_check
"Government revenue rose by €1.2 billion or 20% in the past year","Government revenue rose by €1.2 billion — a 20% increase — in the past year",Clyde Caruana,Minister for Finance and Employment,PL,The Malta Independent,https://www.independent.com.mt/articles/2025-09-12/local-news/Malta-s-economy-outpaces-EU-Finance-Minister-says-as-pre-Budget-2026-consultation-launched-6736273062,2025-09-12,2026-04-16 12:00 UTC,statistical,checkable,5,NSO government finance statistics,TRUE,FALSE,FALSE,TRUE,FALSE,,approved_for_check
"Malta's inflation rate stood at 2.5% in 2024 and is projected to fall to 2% in 2026","Malta's inflation rate was 2.5% in 2024 and is projected to fall to 2% in 2026",Clyde Caruana,Minister for Finance and Employment,PL,The Malta Independent,https://www.independent.com.mt/articles/2025-09-12/local-news/Malta-s-economy-outpaces-EU-Finance-Minister-says-as-pre-Budget-2026-consultation-launched-6736273062,2025-09-12,2026-04-16 12:00 UTC,statistical,checkable,5,NSO / Eurostat inflation data,TRUE,FALSE,FALSE,TRUE,FALSE,,approved_for_check
"Malta has €250 million cushion amid Gulf conflict and excessive deficit procedure","Malta has a €250 million fiscal cushion available amid the Gulf conflict",Clyde Caruana,Minister for Finance and Employment,PL,The Malta Independent,https://www.independent.com.mt/articles/2026-03-11/local-news/Malta-has-250-million-cushion-amid-Gulf-conflict-excessive-deficit-procedure-Finance-Minister-6736287911,2026-03-11,2026-04-16 12:00 UTC,statistical,checkable,4,Government financial statements / treasury records,TRUE,FALSE,FALSE,FALSE,FALSE,,approved_for_check
"Natural gas now costs around $50 per MWh compared to around $350 per MWh in 2022","Natural gas now costs approximately $50/MWh compared to approximately $350/MWh at peak prices in 2022",Clyde Caruana,Minister for Finance and Employment,PL,The Malta Independent,https://www.independent.com.mt/articles/2026-03-11/local-news/Malta-has-250-million-cushion-amid-Gulf-conflict-excessive-deficit-procedure-Finance-Minister-6736287911,2026-03-11,2026-04-16 12:00 UTC,comparative,checkable,5,International energy market data,TRUE,FALSE,TRUE,TRUE,FALSE,,approved_for_check
"Diesel now costs around $2.80 per gallon having nearly tripled from $1 per gallon at start of 2026","Diesel costs approximately $2.80 per gallon in early 2026 having nearly tripled from approximately $1 per gallon at the start of the year",Clyde Caruana,Minister for Finance and Employment,PL,The Malta Independent,https://www.independent.com.mt/articles/2026-03-11/local-news/Malta-has-250-million-cushion-amid-Gulf-conflict-excessive-deficit-procedure-Finance-Minister-6736287911,2026-03-11,2026-04-16 12:00 UTC,comparative,checkable,5,International energy market data,TRUE,FALSE,TRUE,TRUE,FALSE,,approved_for_check
"The EU reduced its fossil fuel share in electricity generation from 40% to 30% since 2022","The EU reduced its proportion of fossil fuels in electricity generation from 40% to 30% since 2022",Clyde Caruana,Minister for Finance and Employment,PL,The Malta Independent,https://www.independent.com.mt/articles/2026-03-11/local-news/Malta-has-250-million-cushion-amid-Gulf-conflict-excessive-deficit-procedure-Finance-Minister-6736287911,2026-03-11,2026-04-16 12:00 UTC,comparative,checkable,4,Eurostat energy statistics,FALSE,FALSE,TRUE,TRUE,FALSE,,approved_for_check
"Budget 2026 allocated €420 million in total measures including a €160 million parent tax cut","Budget 2026 included €420 million in total measures including a €160 million tax cut for parents a €120 million increase in social measures €40 million in business incentives and €100 million in AI investment",Robert Abela,Prime Minister,PL,MaltaToday,https://www.maltatoday.com.mt/news/national/138478/abela_tells_socialist_international_maltas_model_proves_progressive_economics_work,2025-11-29,2026-04-16 12:00 UTC,statistical,checkable,5,Budget 2026 document,TRUE,FALSE,FALSE,TRUE,FALSE,,approved_for_check
"Student stipends will increase by 15% in 2026 costing €48 million","Post-secondary student stipends will increase by 15% in 2026 rising to €48 million",Clyde Caruana,Minister for Finance and Employment,PL,MaltaToday,https://www.maltatoday.com.mt/news/national/137947/budget_2026_titbits_of_income_and_expenditure,2025-11-06,2026-04-16 12:00 UTC,statistical,checkable,5,Budget 2026 estimates,TRUE,FALSE,FALSE,TRUE,FALSE,,approved_for_check
"Children's Allowance is expected to increase to €103 million in 2026 up from €89.7 million","Children's Allowance expenditure is projected to increase to €103 million in 2026 up from €89.7 million in 2025",Clyde Caruana,Minister for Finance and Employment,PL,MaltaToday,https://www.maltatoday.com.mt/news/national/137947/budget_2026_titbits_of_income_and_expenditure,2025-11-06,2026-04-16 12:00 UTC,statistical,checkable,5,Budget 2026 financial estimates,TRUE,FALSE,FALSE,TRUE,FALSE,,approved_for_check
"The second electricity interconnector will have 99km of cable manufactured and tested by Q1 2026 at a cost of €300 million","The second electricity interconnector will have 99km of cable manufactured and tested by the first quarter of 2026 at a cost of €300 million",Clyde Caruana,Minister for Finance and Employment,PL,The Malta Independent,https://www.independent.com.mt/articles/2025-10-27/local-news/Budget-2026-Government-pledges-more-energy-water-and-mobility-projects-6736284320,2025-10-27,2026-04-16 12:00 UTC,administrative,checkable,5,Government capital expenditure records / procurement,TRUE,FALSE,FALSE,TRUE,FALSE,,approved_for_check
"Gozitan students over 18 studying in Malta will receive a new monthly grant of €280","Gozitan students over 18 years of age studying in Malta will receive a new monthly grant of €280 to cover travel and accommodation costs",Clyde Caruana,Minister for Finance and Employment,PL,MaltaToday,https://www.maltatoday.com.mt/news/budget-2026/137835/budget_2026_shorts,2025-10-28,2026-04-16 12:00 UTC,policy,checkable,5,Budget 2026 document / government gazette,TRUE,FALSE,FALSE,TRUE,FALSE,,approved_for_check
"The PN has pledged to cut VAT to 7% for restaurants and kiosks within 100 days of taking office","A PN government would reduce VAT to 7% for restaurants and kiosks within its first 100 days in office",Alex Borg,Leader of the Opposition,PN,The Malta Independent,https://www.independent.com.mt/articles/2026-03-15/local-news/Alex-Borg-pledges-to-cut-VAT-to-7-for-restaurants-within-100-days-if-PN-wins-next-election-6736288020,2026-03-15,2026-04-16 12:00 UTC,policy,checkable,4,PN policy document,TRUE,FALSE,FALSE,FALSE,FALSE,,approved_for_check
"A PN government would open a €5000 Child Trust Fund for every child born to Maltese residents","A PN government would open a long-term savings fund of €5,000 for every child born to Maltese residents redeemable at age 20",Alex Borg,Leader of the Opposition,PN,MaltaToday,https://www.maltatoday.com.mt/news/budget-2026/137975/pn_government_will_gift_every_child_an_investment_policy_with_initial_capital_of_5000,2025-11-03,2026-04-16 12:00 UTC,policy,checkable,4,PN policy document,TRUE,FALSE,FALSE,FALSE,FALSE,,approved_for_check
"The Child Trust Fund would be managed by a National Child Trust Fund Authority","The proposed Child Trust Fund would be managed by a new National Child Trust Fund Authority supervised by the Finance Ministry",Alex Borg,Leader of the Opposition,PN,MaltaToday,https://www.maltatoday.com.mt/news/budget-2026/137975/pn_government_will_gift_every_child_an_investment_policy_with_initial_capital_of_5000,2025-11-03,2026-04-16 12:00 UTC,administrative,checkable,4,PN policy document,FALSE,FALSE,FALSE,FALSE,FALSE,,approved_for_check
"A PN government would add all oncological medicines to the government formulary","A PN government would add all oncological medicines to the government formulary eliminating patients' dependence on the Malta Community Chest Fund for cancer treatment",Alex Borg,Leader of the Opposition,PN,The Malta Independent,https://www.independent.com.mt/articles/2026-01-18/local-news/PN-government-will-add-cancer-medicines-to-formulary-Alex-Borg-pledges-6736286474,2026-01-18,2026-04-16 12:00 UTC,policy,checkable,4,PN policy document / government formulary data,FALSE,FALSE,FALSE,FALSE,FALSE,,approved_for_check
"Borg said Malta has one of the highest HIV rates in the EU","Malta has one of the highest HIV rates in the European Union",Alex Borg,Leader of the Opposition,PN,Newsbook,https://newsbook.com.mt/en/pn-prepared-for-election-whenever-abela-calls-it-borg-says/,2026-01-18,2026-04-16 12:00 UTC,comparative,checkable,4,ECDC EU HIV surveillance report,FALSE,FALSE,TRUE,FALSE,FALSE,,approved_for_check
"HIV medications have been allowed to expire in Malta","HIV medications including PrEP have been allowed to expire in Malta",Alex Borg,Leader of the Opposition,PN,Newsbook,https://newsbook.com.mt/en/pn-prepared-for-election-whenever-abela-calls-it-borg-says/,2026-01-18,2026-04-16 12:00 UTC,administrative,checkable,4,Pharmacy Authority / government procurement records,FALSE,FALSE,FALSE,FALSE,FALSE,,approved_for_check
"Almost 60 new cars are added to Malta's roads every day","Almost 60 new vehicles are registered on Malta's roads each day",Alex Borg,Leader of the Opposition,PN,The Malta Independent,https://www.independent.com.mt/articles/2026-01-11/local-news/We-must-be-a-government-in-waiting-Borg-says-as-he-maps-PN-s-road-for-2026-6736286269,2026-01-11,2026-04-16 12:00 UTC,statistical,checkable,5,Transport Malta vehicle registration data,TRUE,FALSE,FALSE,FALSE,FALSE,,approved_for_check
"The PN's licence surrender scheme reduces around 200 licences per year but 1000 are issued yearly","The government's €25,000 licence surrender scheme removes approximately 200 licences per year while approximately 1,000 new licences are issued annually",Alex Borg,Leader of the Opposition,PN,The Malta Independent,https://www.independent.com.mt/articles/2026-01-11/local-news/We-must-be-a-government-in-waiting-Borg-says-as-he-maps-PN-s-road-for-2026-6736286269,2026-01-11,2026-04-16 12:00 UTC,comparative,checkable,5,Transport Malta data,TRUE,FALSE,TRUE,FALSE,FALSE,,approved_for_check
"Average apartment prices in Malta are nearing €400000 with penthouses exceeding €500000","Average apartment prices in Malta are nearing €400,000 with penthouses exceeding €500,000",Alex Borg,Leader of the Opposition,PN,The Malta Independent,https://www.independent.com.mt/articles/2026-01-11/local-news/We-must-be-a-government-in-waiting-Borg-says-as-he-maps-PN-s-road-for-2026-6736286269,2026-01-11,2026-04-16 12:00 UTC,statistical,checkable,5,KPMG Malta property survey,TRUE,FALSE,FALSE,FALSE,FALSE,,approved_for_check
"PN's first crowdfunding campaign raised €15000 to finance Malta's first political podcast","The PN's first crowdfunding campaign raised €15,000 to finance Malta's first political podcast",Alex Borg,Leader of the Opposition,PN,The Malta Independent,https://www.independent.com.mt/articles/2026-01-11/local-news/We-must-be-a-government-in-waiting-Borg-says-as-he-maps-PN-s-road-for-2026-6736286269,2026-01-11,2026-04-16 12:00 UTC,administrative,checkable,4,PN crowdfunding campaign records,TRUE,FALSE,FALSE,FALSE,FALSE,,approved_for_check
"The constitutional deadline for appointing a new Auditor General passed in March 2026 without agreement","The constitutional deadline for appointing a new Auditor General passed in March 2026 without Abela contacting Borg",Alex Borg,Leader of the Opposition,PN,The Malta Independent,https://www.independent.com.mt/articles/2026-04-12/local-news/PN-is-ready-for-a-general-election-early-or-not-Alex-Borg-says-6736288730,2026-04-12,2026-04-16 12:00 UTC,legal,checkable,5,Malta Constitution / parliamentary records,FALSE,TRUE,FALSE,TRUE,FALSE,,approved_for_check
"A PN government would publish ministerial asset declarations every year including spouses' assets","A PN government would ensure ministerial asset declarations are published annually and would include the assets of ministers' spouses",Alex Borg,Leader of the Opposition,PN,The Malta Independent,https://www.independent.com.mt/articles/2026-03-22/local-news/PN-government-would-ensure-ministerial-assets-declarations-would-be-published-every-year-Borg-said-6736288207,2026-03-22,2026-04-16 12:00 UTC,policy,checkable,4,PN policy document,FALSE,FALSE,FALSE,FALSE,FALSE,,approved_for_check
"The government's proposed Code of Ethics changes would remove the requirement for MPs to list spouses' immovable property","The government's proposed Code of Ethics changes would remove the requirement for MPs to list immovable property belonging to their spouses where the community of acquests applies",Alex Borg,Leader of the Opposition,PN,The Malta Independent,https://www.independent.com.mt/articles/2026-03-22/local-news/PN-government-would-ensure-ministerial-assets-declarations-would-be-published-every-year-Borg-said-6736288207,2026-03-22,2026-04-16 12:00 UTC,legal,checkable,5,Proposed Code of Ethics legislation,FALSE,TRUE,FALSE,FALSE,FALSE,,approved_for_check
"Ministerial declarations of assets have not been published since 2023","Ministerial declarations of assets have not been published since 2023",Alex Borg,Leader of the Opposition,PN,The Malta Independent,https://www.independent.com.mt/articles/2026-03-22/local-news/PN-government-would-ensure-ministerial-assets-declarations-would-be-published-every-year-Borg-said-6736288207,2026-03-22,2026-04-16 12:00 UTC,administrative,checkable,5,Commissioner for Standards / parliamentary records,FALSE,FALSE,FALSE,TRUE,FALSE,,approved_for_check
"The PN's VAT cut proposal for restaurants would cost €80 million according to one Finance Ministry paper and €140 million according to another","The Finance Ministry published two conflicting cost estimates for the PN's restaurant VAT cut — €80 million in one document and €140 million in another",Alex Borg,Leader of the Opposition,PN,The Malta Independent,https://www.independent.com.mt/articles/2026-03-22/local-news/PN-government-would-ensure-ministerial-assets-declarations-would-be-published-every-year-Borg-said-6736288207,2026-03-22,2026-04-16 12:00 UTC,comparative,checkable,5,Finance Ministry documents,TRUE,FALSE,TRUE,FALSE,FALSE,,approved_for_check
"PN proposed that the incumbent Chief Justice should remain in office until a new appointment agreement is reached","PN proposed that the incumbent Chief Justice should remain in office until cross-party agreement on a successor is reached",Alex Borg,Leader of the Opposition,PN,The Malta Independent,https://www.independent.com.mt/articles/2026-02-28/local-news/PN-proposes-legislative-fix-to-break-Chief-Justice-stalemate-6736287612,2026-02-28,2026-04-16 12:00 UTC,legal,checkable,4,PN Facebook statement / parliamentary record,FALSE,TRUE,FALSE,FALSE,FALSE,,approved_for_check
"Judge Lawrence Mintoff stated in a sworn letter that he was summoned to Auberge de Castille by Abela on 11 February to discuss the Chief Justice appointment","Judge Lawrence Mintoff stated in a sworn letter that he was summoned to a meeting at Auberge de Castille by Prime Minister Abela on 11 February 2026 to discuss his potential appointment as Chief Justice",Alex Borg,Leader of the Opposition,PN,The Malta Independent,https://www.independent.com.mt/articles/2026-02-28/local-news/PN-proposes-legislative-fix-to-break-Chief-Justice-stalemate-6736287612,2026-02-28,2026-04-16 12:00 UTC,administrative,checkable,5,Judge Mintoff's sworn statement,FALSE,FALSE,FALSE,TRUE,FALSE,,approved_for_check
"The appointment of a Chief Justice requires a two-thirds parliamentary majority under Malta's constitution","The appointment of a Chief Justice requires a two-thirds parliamentary majority under Malta's Constitution",The Malta Independent,News outlet,Other,The Malta Independent,https://www.independent.com.mt/articles/2026-02-28/local-news/PN-proposes-legislative-fix-to-break-Chief-Justice-stalemate-6736287612,2026-02-28,2026-04-16 12:00 UTC,legal,checkable,5,Malta Constitution,FALSE,TRUE,FALSE,FALSE,FALSE,,approved_for_check
"ADPD said the government's pension tax exemption applies to pensions of up to €37000","The government introduced a pension tax exemption on pension income of up to €37,000",Sandra Gauci,ADPD Chairperson,Other,The Malta Independent,https://www.independent.com.mt/articles/2026-03-15/local-news/Tax-free-income-proposals-are-regressive-favour-the-rich-and-burden-future-generations-ADPD-6736288021,2026-03-15,2026-04-16 12:00 UTC,legal,checkable,5,Budget 2026 document / legal notice,TRUE,TRUE,FALSE,FALSE,FALSE,,approved_for_check
"Borg proposed that all pensioners should be exempt from tax on all income up to €37000","The PN proposes that all pensioners should be exempt from income tax on all income up to €37,000 regardless of source",Alex Borg,Leader of the Opposition,PN,The Malta Independent,https://www.independent.com.mt/articles/2026-03-15/local-news/Tax-free-income-proposals-are-regressive-favour-the-rich-and-burden-future-generations-ADPD-6736288021,2026-03-15,2026-04-16 12:00 UTC,policy,checkable,5,PN policy document,TRUE,FALSE,FALSE,FALSE,FALSE,,approved_for_check
"A MaltaToday survey showed 40.5% of respondents felt Budget 2026 left them in the same position as before","A MaltaToday survey found 40.5% of respondents felt Budget 2026 left them in the same financial position as before while 30% felt better off and 9.1% felt worse off",MaltaToday,News outlet,Other,MaltaToday,https://www.maltatoday.com.mt/news/national/138871/looking_back_2025__robert_abelas_rollercoaster_uturns_balancing_acts_and_hyperbole,2025-12-28,2026-04-16 12:00 UTC,statistical,checkable,4,MaltaToday survey data,TRUE,FALSE,FALSE,TRUE,FALSE,,approved_for_check
"Abela in January told MaltaToday he would not call an early election with the caveat of geopolitical disruptions","In January 2026 Abela told MaltaToday he would not call an early election with the caveat that geopolitical disruptions could make an early election in the national interest",Robert Abela,Prime Minister,PL,The Malta Independent,https://www.independent.com.mt/articles/2026-04-12/local-news/The-four-factors-which-may-be-pushing-Robert-Abela-into-calling-an-early-election-6736288690,2026-04-12,2026-04-16 12:00 UTC,administrative,checkable,4,MaltaToday interview January 2026,FALSE,FALSE,FALSE,TRUE,FALSE,,approved_for_check
"MaltaToday's four polls between November 2025 and March 2026 show Labour leading PN by around 8000 votes","Four consecutive MaltaToday polls from November 2025 to March 2026 show Labour leading PN by approximately 8,000 votes",MaltaToday,News outlet,Other,The Malta Independent,https://www.independent.com.mt/articles/2026-04-12/local-news/The-four-factors-which-may-be-pushing-Robert-Abela-into-calling-an-early-election-6736288690,2026-04-12,2026-04-16 12:00 UTC,statistical,checkable,4,MaltaToday polling data,TRUE,FALSE,FALSE,TRUE,FALSE,,approved_for_check
"Pollster Vince Marmara's February 2026 survey suggests Labour margin of victory of around 25000 votes","A February 2026 survey by pollster Vince Marmara suggests a Labour margin of victory of approximately 25,000 votes",The Malta Independent,News outlet,Other,The Malta Independent,https://www.independent.com.mt/articles/2026-04-12/local-news/The-four-factors-which-may-be-pushing-Robert-Abela-into-calling-an-early-election-6736288690,2026-04-12,2026-04-16 12:00 UTC,statistical,checkable,4,Marmara polling data,TRUE,FALSE,FALSE,TRUE,FALSE,,approved_for_check
"Under Maltese law a minimum of 33 days must separate the dissolution of parliament from polling day","Under Maltese law a minimum of 33 days must pass between the dissolution of parliament and polling day",The Malta Independent,News outlet,Other,The Malta Independent,https://www.independent.com.mt/articles/2026-04-09/local-news/Labour-Party-congress-points-to-looming-general-election-6736288644,2026-04-09,2026-04-16 12:00 UTC,legal,checkable,5,Malta Constitution / General Elections Act,FALSE,TRUE,FALSE,FALSE,FALSE,,approved_for_check
"Abela ruled out election dates of 30 May and 6 June because a key electoral official will be unavailable","Sources told MaltaToday that Abela ruled out election dates of 30 May and 6 June 2026 because a key official central to the electoral process will be unavailable on those dates",MaltaToday,News outlet,Other,MaltaToday,https://newsbook.com.mt/en/labour-congress-hints-at-snap-general-election/,2026-04-09,2026-04-16 12:00 UTC,administrative,checkable,4,MaltaToday sourced report,FALSE,FALSE,FALSE,TRUE,FALSE,,approved_for_check
"Abela recognised Palestine in September 2025","Malta formally recognised Palestinian statehood in September 2025",Robert Abela,Prime Minister,PL,MaltaToday,https://www.maltatoday.com.mt/news/national/138478/abela_tells_socialist_international_maltas_model_proves_progressive_economics_work,2025-11-29,2026-04-16 12:00 UTC,historical,checkable,5,Government official statement / UN records,FALSE,FALSE,FALSE,TRUE,FALSE,,approved_for_check
"In March 2025 Abela publicly suggested reforming the ECHR when Malta assumed the Council of Europe presidency","In March 2025 Abela publicly suggested reforming the European Convention on Human Rights when Malta assumed the Council of Europe presidency",Robert Abela,Prime Minister,PL,MaltaToday,https://www.maltatoday.com.mt/news/national/138871/looking_back_2025__robert_abelas_rollercoaster_uturns_balancing_acts_and_hyperbole,2025-12-28,2026-04-16 12:00 UTC,administrative,checkable,5,Council of Europe records / government statements,FALSE,FALSE,FALSE,TRUE,FALSE,,approved_for_check
"Malta spent €800 billion in an EU defence spending plan","Abela backed an €800 billion EU defence-spending plan to re-arm Europe",Robert Abela,Prime Minister,PL,MaltaToday,https://www.maltatoday.com.mt/news/national/138871/looking_back_2025__robert_abelas_rollercoaster_uturns_balancing_acts_and_hyperbole,2025-12-28,2026-04-16 12:00 UTC,policy,checkable,4,EU Council records / government statements,TRUE,FALSE,FALSE,TRUE,FALSE,,approved_for_check
"In 2025 Malta's budget delivered a 15% increase in student stipends a €500 baby bonus increase and expanded Children's Allowance","Budget 2026 delivered a 15% increase in student stipends a €500 increase in the baby bonus and an increase in Children's Allowance to €103 million",Clyde Caruana,Minister for Finance and Employment,PL,MaltaToday,https://www.maltatoday.com.mt/news/budget-2026/137835/budget_2026_shorts,2025-10-28,2026-04-16 12:00 UTC,statistical,checkable,5,Budget 2026 document,TRUE,FALSE,FALSE,TRUE,FALSE,,approved_for_check
"Borg won the PN leadership race over Delia by a margin of 44 votes","Alex Borg won the PN leadership election over Adrian Delia by a margin of 44 votes",The Malta Independent,News outlet,Other,The Malta Independent,https://www.independent.com.mt/articles/2026-04-12/local-news/PN-is-ready-for-a-general-election-early-or-not-Alex-Borg-says-6736288730,2026-04-12,2026-04-16 12:00 UTC,historical,checkable,5,PN Electoral Commission result,TRUE,FALSE,FALSE,TRUE,FALSE,,approved_for_check
"In February 2026 Borg stated he only agreed with imprisonment of women who get abortions on a case-by-case basis","In February 2026 Borg stated he only agreed with the imprisonment of women who obtain abortions on a case-by-case basis",Alex Borg,Leader of the Opposition,PN,Wikipedia,https://en.wikipedia.org/wiki/Alex_Borg_(politician),2026-02-01,2026-04-16 12:00 UTC,administrative,checkable,4,Lovin Malta interview February 2026,FALSE,FALSE,FALSE,TRUE,FALSE,,approved_for_check
"Abela said Malta manages a €23 billion economy","Abela stated Malta manages a €23 billion economy",Robert Abela,Prime Minister,PL,MaltaToday,https://www.maltatoday.com.mt/news/national/138345/prime_minister_effectively_rules_out_march_election,2025-11-23,2026-04-16 12:00 UTC,statistical,checkable,5,NSO GDP data,TRUE,FALSE,FALSE,FALSE,FALSE,,approved_for_check
"Malta's Vision 2050 line item in the OPM budget is €4.5 million","A line item of €4.5 million for Malta Vision 2050 has been inserted in the Office of the Prime Minister's budget",MaltaToday,News outlet,Other,MaltaToday,https://www.maltatoday.com.mt/news/national/137947/budget_2026_titbits_of_income_and_expenditure,2025-11-06,2026-04-16 12:00 UTC,statistical,checkable,5,Budget 2026 financial estimates,TRUE,FALSE,FALSE,TRUE,FALSE,,approved_for_check
"The Sant'Antnin plant in Wied il-Ghajn will be converted into a public green area of 23800 square meters at a cost of €37 million","The Sant'Antnin plant in Wied il-Għajn will be converted into a public green area of 23,800 square metres at a cost of €37 million",Clyde Caruana,Minister for Finance and Employment,PL,The Malta Independent,https://www.independent.com.mt/articles/2025-10-27/local-news/Budget-2026-Government-pledges-more-energy-water-and-mobility-projects-6736284320,2025-10-27,2026-04-16 12:00 UTC,administrative,checkable,5,Budget 2026 capital expenditure,TRUE,FALSE,FALSE,TRUE,FALSE,,approved_for_check
"Church school subvention will top €165.4 million in 2026","The government subvention for church schools will reach €165.4 million in 2026",MaltaToday,News outlet,Other,MaltaToday,https://www.maltatoday.com.mt/news/national/137947/budget_2026_titbits_of_income_and_expenditure,2025-11-06,2026-04-16 12:00 UTC,statistical,checkable,5,Budget 2026 financial estimates,TRUE,FALSE,FALSE,TRUE,FALSE,,approved_for_check
"University of Malta will receive €110 million in 2026 MCAST €71 million and Junior College €12 million","The University of Malta will receive €110 million in 2026, MCAST €71 million, and the Junior College €12 million",MaltaToday,News outlet,Other,MaltaToday,https://www.maltatoday.com.mt/news/national/137947/budget_2026_titbits_of_income_and_expenditure,2025-11-06,2026-04-16 12:00 UTC,statistical,checkable,5,Budget 2026 financial estimates,TRUE,FALSE,FALSE,TRUE,FALSE,,approved_for_check
"Ian Borg was elected Deputy Leader of the Labour Party in September 2024","Ian Borg was elected Deputy Leader of the Labour Party in September 2024",Wikipedia,Reference,PL,Wikipedia,https://en.wikipedia.org/wiki/Ian_Borg,2024-09-01,2026-04-16 12:00 UTC,historical,checkable,5,PN/PL official records,FALSE,FALSE,FALSE,TRUE,FALSE,,approved_for_check
"Borg proposed a PN government would conduct a labour market study to identify sectors requiring foreign workers","A PN government would conduct a labour market study to identify sectors requiring foreign workers and streamline incoming workers to necessary sectors",Alex Borg,Leader of the Opposition,PN,Newsbook,https://newsbook.com.mt/en/pn-prepared-for-election-whenever-abela-calls-it-borg-says/,2026-01-18,2026-04-16 12:00 UTC,policy,checkable,3,PN policy document,FALSE,FALSE,FALSE,FALSE,FALSE,,approved_for_check
"Borg proposed an equity-sharing model where government would co-invest in properties with buyers","The PN proposes an equity-sharing model where the government would co-invest in properties alongside first-time buyers",Alex Borg,Leader of the Opposition,PN,The Malta Independent,https://www.independent.com.mt/articles/2026-01-11/local-news/We-must-be-a-government-in-waiting-Borg-says-as-he-maps-PN-s-road-for-2026-6736286269,2026-01-11,2026-04-16 12:00 UTC,policy,checkable,4,PN policy document,FALSE,FALSE,FALSE,FALSE,FALSE,,approved_for_check
"Number of final deeds of sale on residential property was up 9.2% in March 2026","The number of final deeds of sale on residential property increased by 9.2% in March 2026",NSO Malta,Statistics office,Other,MaltaToday,https://www.maltatoday.com.mt/news,2026-04-13,2026-04-16 12:00 UTC,statistical,checkable,5,NSO Malta property statistics,TRUE,FALSE,FALSE,TRUE,FALSE,,approved_for_check
"Abela said government allocated the most spending towards the environment at €275 million more than any other ministry","The environment ministry's €275 million allocation in Budget 2026 is the largest single ministry allocation",Robert Abela,Prime Minister,PL,MaltaToday,https://www.maltatoday.com.mt/news/budget-2026/138285/abela_wants_malta_to_become_most_aifriendly_country_in_europe_,2025-11-19,2026-04-16 12:00 UTC,comparative,checkable,5,Budget 2026 document,TRUE,FALSE,TRUE,TRUE,FALSE,,approved_for_check
"Abela said in 2013 Malta's debt-to-GDP ratio stood at around 70%","In 2013 Malta's debt-to-GDP ratio stood at approximately 70%",Clyde Caruana,Minister for Finance and Employment,PL,The Malta Independent,https://www.independent.com.mt/articles/2025-10-27/local-news/AS-IT-HAPPENED-Clyde-Caruana-delivers-Budget-2026-in-Parliament-6736284311,2025-10-27,2026-04-16 12:00 UTC,comparative,checkable,5,Eurostat fiscal data 2013,TRUE,FALSE,FALSE,TRUE,FALSE,,approved_for_check
The Tourism Accommodation Regulations 2026 introduce a ban on new hotel developments or extensions that exceed height limits set in planning policies,The Tourism Accommodation Regulations 2026 contain a ban on new hotel developments or extensions exceeding planning policy height limits,Ian Borg,Deputy Prime Minister,PL,Lovin Malta,https://lovinmalta.com/malta/malta-tourism-regulations/,2026-04-16,2026-04-16 13:57 UTC,legal,checkable,5,Tourism Accommodation Regulations 2026 official text,False,True,False,True,False,,approved_for_check,claim_divider
The Tourism Accommodation Regulations 2026 introduce stricter rules across the short-term rental sector,The Tourism Accommodation Regulations 2026 introduce stricter rules for short-term rentals,Ian Borg,Deputy Prime Minister,PL,Lovin Malta,https://lovinmalta.com/malta/malta-tourism-regulations/,2026-04-16,2026-04-16 13:57 UTC,legal,checkable,4,Tourism Accommodation Regulations 2026 official text,False,True,False,True,False,,approved_for_check,claim_divider
Malta ranks among the top three EU countries for the percentage of businesses affected by cyber incidents.,Malta ranks among the top three EU countries for percentage of businesses affected by cyber incidents,unknown,,unknown,Lovin Malta,https://lovinmalta.com/sponsored/gasanmamo-launches-comprehensive-cyber-insurance-for-maltese-businesses/,2026-04-16,2026-04-16 13:57 UTC,statistical,checkable,4,"EU cyber security statistics, EUROSTAT, or official cybersecurity reports",True,False,True,False,True,,approved_for_check,claim_divider
28.7% of Maltese enterprises reported a cyber incident in 2023,28.7% of Maltese enterprises reported a cyber incident in 2023,unknown,,unknown,Newsbook,https://newsbook.com.mt/en/gasanmamo-launches-comprehensive-cyber-insurance-for-maltese-businesses/,2026-04-16,2026-04-16 13:57 UTC,statistical,checkable,5,"NSO statistics, EU DESI reports, or official cybersecurity incident surveys for 2023",True,False,False,True,False,,approved_for_check,claim_divider
EU average of cyber incidents is 21.5% in 2023,EU average percentage of enterprises affected by cyber incidents was 21.5% in 2023,unknown,,unknown,Newsbook,https://newsbook.com.mt/en/gasanmamo-launches-comprehensive-cyber-insurance-for-maltese-businesses/,2026-04-16,2026-04-16 13:57 UTC,statistical,checkable,5,"EUROSTAT, EU cybersecurity reports, or official EU-wide incident statistics for 2023",True,False,False,True,False,,approved_for_check,claim_divider
New regulations introduce a ban on new hotel developments or extensions that exceed height limits set in planning policies,The Tourism Accommodation Regulations 2026 ban new hotel developments or extensions that exceed height limits set in planning policies,unknown,,unknown,Lovin Malta,https://lovinmalta.com/malta/malta-tourism-regulations/,2026-04-16,2026-04-16 14:00 UTC,legal,checkable,4,Tourism Accommodation Regulations 2026; Malta Planning Authority documents,False,True,False,True,False,,approved_for_check,claim_divider
Government has unveiled a €6.5m social housing package,Government unveiled a €6.5 million social housing package,unknown,,unknown,Newsbook,https://newsbook.com.mt/en/government-unveils-e6-5m-social-housing-package-amid-rising-property-prices/,2026-04-16,2026-04-16 14:00 UTC,policy,checkable,5,Government announcements; Budget documents; Ministry of Social Policy statements,True,False,False,True,False,,approved_for_check,claim_divider
Three new schemes aimed at making housing more affordable have been announced,Three new housing affordability schemes have been announced,unknown,,unknown,Newsbook,https://newsbook.com.mt/en/government-unveils-e6-5m-social-housing-package-amid-rising-property-prices/,2026-04-16,2026-04-16 14:00 UTC,administrative,checkable,4,Government press releases; Ministry of Social Policy announcements; official scheme documentation,True,False,False,True,False,,approved_for_check,claim_divider
New Rules Block Tall Hotels And Tighten Short-Let Laws,Deputy Prime Minister and Tourism Minister Ian Borg announced the Tourism Accommodation Regulations 2026,Ian Borg,Deputy Prime Minister,PL,Lovin Malta,https://lovinmalta.com/malta/malta-tourism-regulations/,2026-04-16,2026-04-16 14:18 UTC,administrative,checkable,5,"Official government gazette, ministerial announcement, Tourism Ministry records",False,True,False,True,False,,approved_for_check,collector
New Rules Block Tall Hotels And Tighten Short-Let Laws,The Tourism Accommodation Regulations 2026 introduce a ban on new hotel developments or extensions that exceed height limits set in planning policies,Ian Borg,Deputy Prime Minister,PL,Lovin Malta,https://lovinmalta.com/malta/malta-tourism-regulations/,2026-04-16,2026-04-16 14:18 UTC,legal,checkable,5,"Tourism Accommodation Regulations 2026 document, planning policies",False,True,False,True,False,,approved_for_check,collector
Government unveils €6.5m social housing package amid rising property prices,Government announced a €6.5 million social housing package,Government,,unknown,Newsbook,https://newsbook.com.mt/en/government-unveils-e6-5m-social-housing-package-amid-rising-property-prices/,2026-04-16,2026-04-16 15:19 UTC,administrative,checkable,5,"Government press release, Budget documents, Ministry of Housing announcements",True,False,False,False,False,,approved_for_check,collector
Government unveils €6.5m social housing package amid rising property prices,Three new social housing schemes were announced by the government,Government,,unknown,Newsbook,https://newsbook.com.mt/en/government-unveils-e6-5m-social-housing-package-amid-rising-property-prices/,2026-04-16,2026-04-16 15:19 UTC,administrative,checkable,4,"Government press release, Ministry of Housing announcements",True,False,False,False,False,,approved_for_check,collector
Government unveils €6.5m social housing package amid rising property prices,Three new social housing schemes were announced,unknown,,PL,Newsbook,https://newsbook.com.mt/en/government-unveils-e6-5m-social-housing-package-amid-rising-property-prices/,2026-04-16,2026-04-16 15:24 UTC,administrative,checkable,4,"Government press release, Ministry of Social Policy announcement",True,False,False,False,False,,approved_for_check,collector
